,date,open,high,low,close,volume,market_cap,RSI,delta,sell_points,buy_points,pct_change,RSI_Delta,RSI_pct_change,bought_sold,open_class,high_class,low_class,close_class,volume_class,open_prev,high_prev,low_prev,volume_prev
0,2021-06-02,2634.46,2801.39,2555.4,2706.12,27723267359,314266256163,54.12351735492759,72.59999999999991,0,0,0.02756766608949235,13.887727154320203,0.34515855374229876,0,0,1,1,1,1,2707.56,2739.74,2531.16,27363223090
1,2021-06-01,2707.56,2739.74,2531.16,2633.52,27363223090,305798597367,40.23579020060739,-81.42999999999984,0,0,-0.029993185878192885,-2.373863549070265,-0.0557118713758199,0,1,1,1,0,0,2387.2,2715.86,2279.51,31007383150
2,2021-05-31,2387.2,2715.86,2279.51,2714.95,31007383150,315217277483,42.609653749677655,324.6399999999999,0,0,0.13581501980914612,8.28145184371892,0.24124339126196448,0,1,1,1,1,1,2278.29,2472.19,2188.83,25876619428
3,2021-05-30,2278.29,2472.19,2188.83,2390.31,25876619428,277492990927,34.328201905958736,110.79999999999973,0,0,0.04860693745585665,2.3976596134181563,0.07508984944418828,0,0,0,0,1,0,2414.07,2566.94,2208.49,33773720220
4,2021-05-29,2414.07,2566.94,2208.49,2279.51,33773720220,264600384052,31.93054229254058,-140.39999999999964,0,0,-0.05801868664537091,2.363675705513643,0.07994339537320982,0,0,0,0,0,0,2742.47,2761.36,2336.36,39999114805
5,2021-05-28,2742.47,2761.36,2336.36,2419.91,39999114805,280864129343,29.566866587026936,-316.5799999999999,0,1,-0.11568834528903815,-8.519409488624099,-0.22368712214609632,1,0,0,0,0,1,2888.75,2888.75,2642.61,33373635283
6,2021-05-27,2888.75,2888.75,2642.61,2736.49,33373635283,317571010585,38.086276075651035,-152.21000000000004,0,0,-0.052691522137986,-0.771135053151653,-0.019845250384682878,0,1,0,0,0,0,2707.05,2911.74,2652.09,42499766020
7,2021-05-26,2707.05,2911.74,2652.09,2888.7,42499766020,335196485646,38.85741112880269,182.0699999999997,0,0,0.06726815264738795,6.153669306276036,0.18816407430287785,0,1,1,1,1,0,2649.03,2750.53,2394.36,49558333256
8,2021-05-25,2649.03,2750.53,2394.36,2706.63,49558333256,314033309034,32.70374182252665,63.039999999999964,0,0,0.0238463604416721,-2.356487588056197,-0.06721255472860355,0,1,1,1,1,0,2099.94,2672.6,2090.64,53697121740
9,2021-05-24,2099.94,2672.6,2090.64,2643.59,53697121740,306684156290,35.06022941058285,534.0100000000002,0,0,0.25313569525687596,8.5687682903976,0.32345397075394233,0,0,1,1,1,0,2298.37,2384.41,1737.47,56005721977
10,2021-05-23,2298.37,2384.41,1737.47,2109.58,56005721977,244704904961,26.49146112018525,-186.1300000000001,0,0,-0.08107731377220995,-1.8482793244125588,-0.0652186398116742,1,0,0,0,0,1,2436.01,2483.98,2168.12,42089937660
11,2021-05-22,2436.01,2483.98,2168.12,2295.71,42089937660,266263966984,28.33974044459781,-134.90999999999985,0,1,-0.05550435691305089,-8.458900984306382,-0.2298699260582533,1,0,0,1,0,0,2772.34,2938.21,2113.35,53774070802
12,2021-05-21,2772.34,2938.21,2113.35,2430.62,53774070802,281879243639,36.79864142890419,-353.6700000000001,0,0,-0.1270234063262089,-3.5085266493199683,-0.08704473215560482,0,1,0,0,0,0,2439.64,2993.15,2170.23,67610826680
13,2021-05-20,2439.64,2993.15,2170.23,2784.29,67610826680,322857390499,40.30716807822416,323.6100000000001,0,0,0.13151242745907643,6.144278897739845,0.1798524376928221,0,0,0,1,1,0,3382.66,3437.94,1952.46,84482912776
14,2021-05-19,3382.66,3437.94,1952.46,2460.68,84482912776,285298709245,34.162889180484314,-919.3900000000003,0,0,-0.2720032425363973,-18.17602815458539,-0.3472755853588614,0,1,0,0,0,1,3276.87,3562.47,3246.4,40416525218
15,2021-05-18,3276.87,3562.47,3246.4,3380.07,40416525218,391850295263,52.3389173350697,97.67000000000007,0,0,0.029755666585425278,5.010555103464277,0.10586791655592664,0,0,0,1,1,0,3581.34,3587.77,3129.01,54061732774
16,2021-05-17,3581.34,3587.77,3129.01,3282.4,54061732774,380482843865,47.328362231605425,-305.1100000000001,0,0,-0.08504784655652531,-13.417679768347234,-0.22088154761354972,0,0,0,0,0,1,3641.83,3878.9,3350.95,47359478734
17,2021-05-16,3641.83,3878.9,3350.95,3587.51,47359478734,415801534962,60.74604199995266,-50.60999999999967,0,0,-0.013911030972040384,-1.1388365982349882,-0.018402501936367055,0,0,0,0,0,1,4075.95,4129.19,3638.12,42422321751
18,2021-05-15,4075.95,4129.19,3638.12,3638.12,42422321751,421619090683,61.88487859818765,-440.94000000000005,0,0,-0.10809843444322953,-12.809993128798673,-0.17149762537406676,0,1,0,0,0,0,3720.12,4171.02,3703.4,48174271215
19,2021-05-14,3720.12,4171.02,3703.4,4079.06,48174271215,472663570788,74.69487172698632,363.90999999999985,0,0,0.09795297632666244,3.830166689949934,0.05404900349120423,2,0,1,1,1,0,3828.92,4032.56,3549.41,78398214539
20,2021-05-13,3828.92,4032.56,3549.41,3715.15,78398214539,430445282301,70.86470503703639,-70.69999999999982,0,0,-0.01867480222407114,-2.3772824506100108,-0.03245791836289236,2,0,0,0,0,1,4174.64,4362.35,3785.85,69023382175
21,2021-05-12,4174.64,4362.35,3785.85,3785.85,69023382175,438585075674,73.2419874876464,-382.8499999999999,0,0,-0.09183918247895029,-15.631182866278778,-0.1758819090624284,2,1,1,1,0,1,3948.27,4178.21,3783.89,52679737865
22,2021-05-11,3948.27,4178.21,3783.89,4168.7,52679737865,482881900491,88.87317035392518,216.40999999999985,0,0,0.054755597387843524,0.5297315304530485,0.005996274737635643,2,1,0,1,1,0,3924.41,4197.47,3684.45,62691789007
23,2021-05-10,3924.41,4197.47,3684.45,3952.29,62691789007,457761219807,88.34343882347213,23.449999999999818,0,0,0.0059686828682257165,-1.111987343471796,-0.012430630439304813,2,1,1,0,1,1,3911.46,3981.26,3743.99,50568290278
24,2021-05-09,3911.46,3981.26,3743.99,3928.84,50568290278,454991994900,89.45542616694392,26.190000000000055,0,0,0.0067108246960398965,-0.3887803513120929,-0.00432727235710062,2,1,1,1,1,1,3481.99,3950.16,3453.77,50208491286
25,2021-05-08,3481.99,3950.16,3453.77,3902.65,50208491286,451905650094,89.84420651825602,417.9200000000001,0,0,0.11992894714942048,9.642383320980045,0.12022648534138991,2,0,1,1,1,1,3490.11,3573.29,3370.26,39607240515
26,2021-05-07,3490.11,3573.29,3370.26,3484.73,39607240515,403465702897,80.20182319727597,-6.150000000000091,0,0,-0.001761733431111967,1.4343882278599267,0.018210421964570456,2,0,0,0,0,0,3524.93,3598.9,3386.24,44300394788
27,2021-05-06,3524.93,3598.9,3386.24,3490.88,44300394788,404131394792,78.76743496941604,-31.90000000000009,0,0,-0.009055348332850821,-1.7589335412626355,-0.021842951244341546,2,1,1,1,0,0,3240.55,3541.46,3213.1,48334198383
28,2021-05-05,3240.55,3541.46,3213.1,3522.78,48334198383,407777080466,80.52636851067868,269.1500000000001,0,0,0.08272298939953227,2.7486575803229982,0.03533991354906574,2,0,1,1,1,0,3431.13,3523.59,3180.74,62402045158
29,2021-05-04,3431.13,3523.59,3180.74,3253.63,62402045158,376577399574,77.77771093035568,-177.46000000000004,0,0,-0.05172117315488667,-10.582350207981946,-0.11976395298566045,2,1,1,1,0,1,2951.18,3450.04,2951.18,49174290212
30,2021-05-03,2951.18,3450.04,2951.18,3431.09,49174290212,397069786479,88.36006113833763,479.0300000000002,0,0,0.16226973706496484,9.547512776201941,0.12114203860446282,2,1,1,1,1,1,2945.56,2984.89,2860.53,28032013047
31,2021-05-02,2945.56,2984.89,2860.53,2952.06,28032013047,341593133886,78.81254836213569,6.170000000000073,0,0,0.0020944434449352567,6.424266262330875,0.08874732312991584,2,1,1,1,1,0,2772.84,2951.44,2755.91,28726205272
32,2021-05-01,2772.84,2951.44,2755.91,2945.89,28726205272,340840444354,72.38828209980481,172.67999999999984,1,0,0.06226719217080556,8.809577659250927,0.13856176744664372,2,1,1,1,1,0,2757.73,2796.05,2728.17,29777179889
33,2021-04-30,2757.73,2796.05,2728.17,2773.21,29777179889,320822874721,63.578704440553885,16.329999999999927,0,0,0.0059233626418269125,4.62312076068887,0.0784170128107442,0,1,0,1,1,0,2748.65,2797.97,2672.11,32578127990
34,2021-04-29,2748.65,2797.97,2672.11,2756.88,32578127990,318896956051,58.955583679865015,10.5,0,0,0.00382321455880108,-2.153663616612377,-0.03524284313573145,0,1,1,1,1,0,2664.69,2757.48,2564.08,34269031076
35,2021-04-28,2664.69,2757.48,2564.08,2746.38,34269031076,317645696234,61.10924729647739,83.51000000000022,0,0,0.03136090008149117,-1.4024497366045736,-0.022434997019235903,0,1,1,1,1,1,2534.03,2676.39,2485.38,32275969215
36,2021-04-27,2534.03,2676.39,2485.38,2662.87,32275969215,307950352777,62.511697033081965,128.38999999999987,0,0,0.05065733404879902,-0.7940457892320083,-0.012543029334016853,0,1,1,1,1,0,2319.48,2536.34,2308.32,35208325408
37,2021-04-26,2319.48,2536.34,2308.32,2534.48,35208325408,293069092286,63.305742822313974,218.42000000000007,0,0,0.09430671053426942,7.140879430082315,0.1271414012033365,0,1,1,1,1,1,2214.41,2354.09,2172.52,31814355546
38,2021-04-25,2214.41,2354.09,2172.52,2316.06,31814355546,267780847561,56.16486339223166,104.42999999999984,0,0,0.04721856730104035,3.016334702309102,0.05675292951018274,0,0,0,1,1,0,2367.2,2367.74,2163.69,31854226936
39,2021-04-24,2367.2,2367.74,2163.69,2211.63,31854226936,255676477656,53.14852868992256,-151.96000000000004,0,0,-0.06429203034367215,-9.935700926007641,-0.15749896585086698,0,0,0,1,0,0,2401.26,2439.54,2117.04,55413933925
40,2021-04-23,2401.26,2439.54,2117.04,2363.59,55413933925,273212191169,63.0842296159302,-39.94999999999982,0,0,-0.01662131689091917,-1.359032762895339,-0.021088826243872538,0,1,0,0,0,1,2357.87,2641.09,2315.96,53575904724
41,2021-04-22,2357.87,2641.09,2315.96,2403.54,53575904724,277797467179,64.44326237882554,38.789999999999964,0,0,0.016403425309229336,-2.393625061618579,-0.0358129343433512,0,1,1,1,1,1,2331.16,2467.2,2238.37,38899067643
42,2021-04-21,2331.16,2467.2,2238.37,2364.75,38899067643,273282959377,66.83688744044412,34.539999999999964,0,0,0.01482269838340744,8.574091281827151,0.14716237199609683,0,1,1,1,1,0,2161.94,2345.84,2060.14,39433483315
43,2021-04-20,2161.94,2345.84,2060.14,2330.21,39433483315,269259968844,58.262796158616965,164.01999999999998,0,0,0.07571819646476063,5.679263410234441,0.10800459979382304,0,0,1,0,1,1,2238.03,2276.78,2086.69,34060654971
44,2021-04-19,2238.03,2276.78,2086.69,2166.19,34060654971,250277144257,52.583532748382524,-70.94999999999982,0,0,-0.03171459989093206,-4.1330661398016275,-0.07287224940885295,0,0,0,1,0,0,2346.45,2365.46,2011.77,50696368718
45,2021-04-18,2346.45,2365.46,2011.77,2237.14,50696368718,258444691650,56.71659888818415,-107.75,0,0,-0.0459509827753114,-8.659906111475735,-0.13246205363105268,0,0,0,0,0,1,2429.98,2497.39,2333.68,32349808978
46,2021-04-17,2429.98,2497.39,2333.68,2344.89,32349808978,270861474697,65.37650499965989,-87.05999999999995,0,0,-0.0357984333559489,1.7166575327308067,0.02696609560088259,0,0,0,1,0,0,2516.6,2547.56,2318.68,36196928256
47,2021-04-16,2516.6,2547.56,2318.68,2431.95,36196928256,280884355082,63.65984746692908,-87.17000000000007,0,0,-0.03460335355203403,-10.19714443162674,-0.1380660675380977,0,1,1,0,0,1,2436.03,2544.27,2409.92,32325606817
48,2021-04-15,2436.03,2544.27,2409.92,2519.12,32325606817,290918491377,73.85699189855582,84.00999999999976,0,0,0.03449946819650851,0.5906548101910118,0.008061748869451879,2,1,1,1,1,0,2299.35,2449.69,2284.56,35592822986
49,2021-04-14,2299.35,2449.69,2284.56,2435.11,35592822986,281183637540,73.2663370883648,135.92000000000007,0,0,0.05911647145298993,1.6238047076671478,0.02266537284079373,2,1,1,1,1,1,2139.36,2318.42,2138.56,29456642939
50,2021-04-13,2139.36,2318.42,2138.56,2299.19,29456642939,265458239569,71.64253238069766,159.84000000000015,1,0,0.07471428237548805,4.144201912024641,0.061397102465342135,2,0,1,1,1,1,2157.36,2199.72,2110.37,21727936609
51,2021-04-12,2157.36,2199.72,2110.37,2139.35,21727936609,246975320276,67.49833046867302,-18.309999999999945,0,0,-0.008486045067341408,-5.282682585340879,-0.07258325164312251,0,1,1,0,0,1,2136.16,2165.19,2119.87,19692836132
52,2021-04-11,2136.16,2165.19,2119.87,2157.66,19692836132,249059103192,72.7810130540139,21.7199999999998,0,0,0.01016882496699334,2.356900476714401,0.033467237150164975,2,1,0,1,1,0,2071.11,2197.0,2062.79,24986243611
53,2021-04-10,2071.11,2197.0,2062.79,2135.94,24986243611,246523420885,70.4241125772995,63.82999999999993,1,0,0.030804349189956115,1.5195695893916081,0.022053256918898256,2,0,1,1,1,1,2088.77,2102.87,2055.16,19812472092
54,2021-04-09,2088.77,2102.87,2055.16,2072.11,19812472092,239127946688,68.90454298790789,-16.460000000000036,0,0,-0.007880990342674643,-4.19251702014688,-0.05735548077699559,0,1,1,1,0,0,1969.13,2091.52,1959.08,25312956529
55,2021-04-08,1969.13,2091.52,1959.08,2088.57,25312956529,241000078758,73.09706000805477,117.49000000000024,1,0,0.05960691600543866,3.2645756305932423,0.046748668040326624,2,0,0,1,1,0,2117.73,2133.19,1945.44,36116271935
56,2021-04-07,2117.73,2133.19,1945.44,1971.08,36116271935,227414944867,69.83248437746153,-147.30000000000018,0,0,-0.06953426675100793,-4.8689503089185,-0.06517880586042124,0,1,0,0,0,1,2109.49,2151.22,2057.61,29222865881
57,2021-04-06,2109.49,2151.22,2057.61,2118.38,29222865881,244382061190,74.70143468638003,10.490000000000236,0,0,0.0049765405215642655,1.3589861276316526,0.018529325845224376,2,1,1,1,1,1,2093.26,2140.99,2032.39,28889391170
58,2021-04-05,2093.26,2140.99,2032.39,2107.89,28889391170,243143128760,73.34244855874837,14.769999999999982,1,0,0.007056451612903247,7.696923107188439,0.117249775277799,2,1,1,1,1,1,2027.67,2110.35,2007.11,26006501902
59,2021-04-04,2027.67,2110.35,2007.11,2093.12,26006501902,241411837678,65.64552545155993,64.69999999999982,0,0,0.03189674722197555,4.0949586018313155,0.06652999007838334,0,0,0,0,1,0,2142.9,2144.96,2028.42,32011518871
60,2021-04-03,2142.9,2144.96,2028.42,2028.42,32011518871,233921770622,61.55056684972862,-114.80999999999995,0,0,-0.0535686790498453,-8.200370320442083,-0.11756645362965834,0,1,0,1,0,0,1976.93,2152.45,1960.68,34862511022
61,2021-04-02,1976.93,2152.45,1960.68,2143.23,34862511022,247132282844,69.7509371701707,165.95000000000005,0,0,0.08392842692992386,5.72554400901069,0.08942614369581103,0,1,1,1,1,1,1919.16,1989.06,1912.18,30914259795
62,2021-04-01,1919.16,1989.06,1912.18,1977.28,30914259795,227970125751,64.02539316116001,58.92000000000007,0,0,0.03071373464834548,6.992626440647847,0.12260717553674128,0,1,1,1,1,1,1846.1,1947.84,1793.0,30226902621
63,2021-03-31,1846.1,1947.84,1793.0,1918.36,30226902621,221151811159,57.032766720512164,72.32999999999993,0,0,0.039181378417468826,3.8772700488906295,0.07294203406363087,0,1,1,0,1,1,1819.47,1860.97,1793.92,22512781703
64,2021-03-30,1819.47,1860.97,1793.92,1846.03,22512781703,212788788571,53.155496671621535,26.34999999999991,0,0,0.014480568011958184,0.8539041472730275,0.016326542004920785,0,1,1,1,1,0,1691.26,1837.19,1683.72,22796570548
65,2021-03-29,1691.26,1837.19,1683.72,1819.68,22796570548,209726738382,52.30159252434851,128.32000000000016,0,0,0.07586794059218627,17.346395061315206,0.49624651898075545,0,0,1,1,1,1,1716.41,1728.58,1672.66,16599472938
66,2021-03-28,1716.41,1728.58,1672.66,1691.36,16599472938,194913443083,34.9551974630333,-25.13000000000011,0,0,-0.014640341627390807,2.677966369022627,0.08296766104944941,0,1,0,0,0,0,1703.04,1732.82,1674.32,18102277710
67,2021-03-27,1703.04,1732.82,1674.32,1716.49,18102277710,197787142643,32.27723109401067,13.650000000000091,0,0,0.00801602029550641,-12.954897995096054,-0.2864092019541036,0,1,1,1,1,0,1595.21,1702.92,1594.74,22548516548
68,2021-03-26,1595.21,1702.92,1594.74,1702.84,22548516548,196191139867,45.23212908910673,107.48000000000002,0,0,0.06737037408484614,12.38324436112611,0.37697609716953595,0,1,1,1,1,0,1593.12,1625.91,1560.37,29650328701
69,2021-03-25,1593.12,1625.91,1560.37,1595.36,29650328701,183786054252,32.84888472798062,1.949999999999818,0,0,0.0012237904870684435,-2.4118602576927373,-0.06840071753086019,0,0,0,0,1,0,1678.0,1740.43,1570.79,31228051473
70,2021-03-24,1678.0,1740.43,1570.79,1593.41,31228051473,183540070277,35.260744985673355,-85.24000000000001,0,0,-0.05077889971107741,-0.8462909863940169,-0.02343839541547288,0,0,1,0,0,1,1690.87,1725.11,1662.54,21998237965
71,2021-03-23,1690.87,1725.11,1662.54,1678.65,21998237965,193335618291,36.10703597206737,-12.679999999999836,0,0,-0.007497058527903944,-3.6833610205851315,-0.09256909452964956,0,0,0,0,0,0,1788.36,1811.97,1674.3,23599296129
72,2021-03-22,1788.36,1811.97,1674.3,1691.33,23599296129,194773638866,39.790396992652504,-96.8900000000001,0,0,-0.05418237129659664,-14.747449779178943,-0.27040762795196993,0,0,0,0,0,1,1812.61,1823.35,1764.14,22977404620
73,2021-03-21,1812.61,1823.35,1764.14,1788.22,22977404620,205906557856,54.53784677183145,-24.410000000000082,0,0,-0.013466620325162881,-5.836412397386795,-0.09667054267330011,0,0,0,0,0,1,1817.52,1874.71,1811.73,22677674970
74,2021-03-20,1817.52,1874.71,1811.73,1812.63,22677674970,208693780293,60.37425916921824,-4.989999999999782,0,0,-0.002745348312628515,-5.8289432924604725,-0.08804624362143987,0,1,1,1,0,1,1782.57,1841.2,1746.47,21249297710
75,2021-03-19,1782.57,1841.2,1746.47,1817.62,21249297710,209243467429,66.20320246167871,34.75999999999999,0,0,0.019496763626981384,2.051815807854709,0.031983966596494495,0,0,0,1,1,0,1823.16,1848.65,1705.72,23263845504
76,2021-03-18,1823.16,1848.65,1705.72,1782.86,23263845504,205216840694,64.151386653824,-40.590000000000146,0,0,-0.022260001645233007,-0.5050512871713977,-0.007811307013731561,0,1,1,0,0,0,1807.06,1839.82,1749.18,24512917348
77,2021-03-17,1807.06,1839.82,1749.18,1823.45,24512917348,209864815743,64.6564379409954,16.480000000000018,0,0,0.009120239959711673,-2.588800363226497,-0.038497898565168165,0,1,1,1,1,1,1792.41,1817.06,1720.05,23828509590
78,2021-03-16,1792.41,1817.06,1720.05,1806.97,23828509590,207943962562,67.2452383042219,15.269999999999982,0,0,0.008522632137076602,5.523817626105263,0.0894959572449332,0,0,0,0,1,0,1854.09,1889.2,1749.61,26244738810
79,2021-03-15,1854.09,1889.2,1749.61,1791.7,26244738810,206162475256,61.72142067811664,-62.8599999999999,0,0,-0.03389483219739453,-9.079380027718834,-0.1282383806002706,0,0,0,0,0,1,1923.86,1930.78,1845.12,19344589211
80,2021-03-14,1923.86,1930.78,1845.12,1854.56,19344589211,213370626930,70.80080070583547,-70.13000000000011,0,0,-0.03643703661368847,-1.805390798844158,-0.02486552126519126,2,1,0,1,0,0,1772.17,1937.65,1733.64,25014689475
81,2021-03-13,1772.17,1937.65,1733.64,1924.69,25014689475,221411849363,72.60619150467963,152.59000000000015,1,0,0.08610687884430912,4.271377456254626,0.06250660831867849,2,0,1,1,1,1,1826.55,1839.5,1728.98,22435821312
82,2021-03-12,1826.55,1839.5,1728.98,1772.1,22435821312,203835039480,68.334814048425,-54.090000000000146,0,0,-0.029619042925435046,-1.9296432186571764,-0.027462579143284538,0,1,0,0,0,0,1798.03,1843.82,1734.62,24013132909
83,2021-03-11,1798.03,1843.82,1734.62,1826.19,24013132909,210032453964,70.26445726708218,27.019999999999982,1,0,0.015018036094421205,11.53588800596853,0.19642719295065247,2,0,0,0,1,0,1868.49,1873.8,1766.49,25154173185
84,2021-03-10,1868.49,1873.8,1766.49,1799.17,25154173185,206899711010,58.72856926111365,-68.87999999999988,0,0,-0.036872674714274134,-6.527795027161716,-0.10003307874040679,0,1,1,0,0,1,1835.15,1868.05,1804.27,23461244507
85,2021-03-09,1835.15,1868.05,1804.27,1868.05,23461244507,214795762868,65.25636428827536,33.319999999999936,0,0,0.018160710295247684,12.972496002605624,0.24811660705222138,0,1,1,1,1,0,1724.23,1835.19,1670.94,27630991158
86,2021-03-08,1724.23,1835.19,1670.94,1834.73,27630991158,210939589076,52.28386828566974,111.57999999999993,0,0,0.06475350375765299,11.160732865956362,0.27139790660529717,0,1,1,1,1,1,1655.39,1730.92,1636.56,23809935410
87,2021-03-07,1655.39,1730.92,1636.56,1723.15,23809935410,198088541070,41.12313541971338,68.41000000000008,0,0,0.041341842222947456,2.6929897424056506,0.0700749293280929,0,1,1,1,1,1,1532.37,1669.11,1519.14,22746262366
88,2021-03-06,1532.37,1669.11,1519.14,1654.74,22746262366,190201808027,38.43014567730773,121.47000000000003,0,0,0.07922283746502568,8.50076356027575,0.2840273657182586,0,0,1,1,1,1,1541.54,1547.88,1450.89,21067146937
89,2021-03-05,1541.54,1547.88,1450.89,1533.27,21067146937,176219185802,29.929382117031977,-8.6400000000001,0,1,-0.005603439889487749,-1.7167748701796341,-0.05424907899159426,1,0,0,0,0,0,1574.62,1622.95,1511.1,22906118718
90,2021-03-04,1574.62,1622.95,1511.1,1541.91,22906118718,177191062441,31.64615698721161,-33.93999999999983,0,0,-0.021537582891772544,-6.319037831743174,-0.16644291862261917,0,1,0,1,0,1,1491.45,1650.36,1481.91,22674780680
91,2021-03-03,1491.45,1650.36,1481.91,1575.85,22674780680,181069778316,37.965194818954785,83.24000000000001,0,0,0.05576808409430467,0.8804660548736152,0.0237420114482918,0,0,1,1,1,1,1564.06,1597.61,1461.33,22523669722
92,2021-03-02,1564.06,1597.61,1461.33,1492.61,22523669722,171484736319,37.08472876408117,-72.10000000000014,0,0,-0.046078826108352455,-2.633414114915311,-0.06630254901237842,0,1,1,1,0,0,1417.15,1567.69,1416.42,24032838645
93,2021-03-01,1417.15,1567.69,1416.42,1564.71,24032838645,179746905786,39.71814287899648,148.66000000000008,0,0,0.104982168708732,10.802636944358788,0.37359321911149346,0,0,1,1,1,0,1459.86,1468.39,1300.47,27637026080
94,2021-02-28,1459.86,1468.39,1300.47,1416.05,27637026080,162650415374,28.915505934637693,-43.92000000000007,0,1,-0.030082809920751852,-1.1365410202774768,-0.03781908839629278,1,1,0,0,0,1,1446.93,1524.93,1433.79,20742103233
95,2021-02-27,1446.93,1524.93,1433.79,1459.97,20742103233,167675937684,30.05204695491517,13.940000000000055,0,0,0.009640187271356737,2.058601863345757,0.07353871081647356,0,0,0,1,1,0,1478.65,1559.03,1407.98,31435997881
96,2021-02-26,1478.65,1559.03,1407.98,1446.03,31435997881,166055498546,27.993445091569413,-29.670000000000073,0,1,-0.020105712543199927,-5.4988395205180325,-0.16418227613333636,1,0,0,0,0,1,1625.39,1670.22,1465.06,24481681873
97,2021-02-25,1625.39,1670.22,1465.06,1475.7,24481681873,169442679395,33.492284612087445,-150.87999999999988,0,0,-0.09275904044067917,-9.349736120866268,-0.21823751449880913,0,1,0,0,0,0,1571.48,1710.98,1511.02,31329000537
98,2021-02-24,1571.48,1710.98,1511.02,1626.58,31329000537,186743952486,42.84202073295371,56.37999999999988,0,0,0.035906253980384495,5.374644576866039,0.1434486512873352,0,0,0,1,1,0,1781.41,1781.41,1378.84,52029864713
99,2021-02-23,1781.41,1781.41,1378.84,1570.2,52029864713,180251030148,37.467376156087674,-211.78999999999996,0,0,-0.1188502741317291,-15.485389609527687,-0.2924377864995874,0,0,0,0,0,1,1935.56,1936.45,1580.63,42409646036
100,2021-02-22,1935.56,1936.45,1580.63,1781.99,42409646036,204538978050,52.95276576561536,-153.6099999999999,0,0,-0.07936040504236408,-24.86136243019221,-0.3194967675745505,0,1,0,0,0,1,1918.67,1974.26,1890.37,23626547717
101,2021-02-21,1918.67,1974.26,1890.37,1935.6,23626547717,222144116574,77.81412819580757,16.069999999999936,1,0,0.008371841023583793,8.487767961664971,0.12243204364109728,2,0,0,1,1,0,1959.9,2036.29,1830.53,34696091102
102,2021-02-20,1959.9,2036.29,1830.53,1919.53,34696091102,220274162486,69.3263602341426,-40.63000000000011,0,0,-0.020727899763284707,0.01884380544554176,0.0002718868950517539,0,1,1,0,0,1,1938.86,1969.55,1896.68,26268814253
103,2021-02-19,1938.86,1969.55,1896.68,1960.16,26268814253,224910293534,69.30751642869706,22.710000000000036,0,0,0.011721592815298498,-4.273909645813347,-0.05808408281575683,0,1,1,1,1,0,1848.21,1949.9,1848.21,28255902969
104,2021-02-18,1848.21,1949.9,1848.21,1937.45,28255902969,222277377811,73.5814260745104,88.99000000000001,1,0,0.048142778312757706,10.256760345650129,0.1619710144158819,2,1,1,1,1,0,1781.35,1853.67,1736.71,35955412703
105,2021-02-17,1781.35,1853.67,1736.71,1848.46,35955412703,212042961268,63.324665728860275,67.3900000000001,0,0,0.037836805964953646,-3.673160636054682,-0.05482507172767359,0,1,1,1,1,1,1778.95,1824.52,1729.64,34269369268
106,2021-02-16,1778.95,1824.52,1729.64,1781.07,34269369268,204288110917,66.99782636491496,1.2799999999999727,0,0,0.0007191859713786553,-5.157691073621336,-0.07148020354804852,0,0,0,1,1,0,1804.68,1833.83,1683.91,38955610883
107,2021-02-15,1804.68,1833.83,1683.91,1779.79,38955610883,204117703894,72.1555174385363,-25.289999999999964,0,0,-0.014010459370221828,-3.484046036503713,-0.04606116001255611,2,0,0,0,0,1,1814.37,1848.15,1789.91,31439114900
108,2021-02-14,1814.37,1848.15,1789.91,1805.08,31439114900,206994111570,75.63956347504,-9.029999999999973,0,0,-0.004977647441445132,3.91020435693477,0.054513303966601256,2,0,0,1,0,0,1843.99,1871.6,1770.61,35359490535
109,2021-02-13,1843.99,1871.6,1770.61,1814.11,35359490535,208004282358,71.72935911810524,-29.420000000000073,0,0,-0.015958514371884447,-1.6766785947530707,-0.022841153766011923,2,1,1,1,0,0,1783.49,1861.36,1744.17,37905036865
110,2021-02-12,1783.49,1861.36,1744.17,1843.53,37905036865,211353402278,73.4060377128583,59.73000000000002,0,0,0.033484695593676506,0.264545983720069,0.003616907140747916,2,1,1,1,1,1,1743.71,1806.54,1708.68,36021495262
111,2021-02-11,1743.71,1806.54,1708.68,1783.8,36021495262,204480686291,73.14149172913824,39.559999999999945,0,0,0.022680365087373255,-1.0517387975405796,-0.014175670611382696,2,0,0,1,1,0,1768.04,1826.7,1686.54,41916084617
112,2021-02-10,1768.04,1826.7,1686.54,1744.24,41916084617,199922942888,74.19323052667882,-23.799999999999955,1,0,-0.013461233908735104,5.4256493335322915,0.07889835936345269,2,1,1,0,0,0,1746.93,1815.96,1711.62,44180727529
113,2021-02-09,1746.93,1815.96,1711.62,1768.04,44180727529,202625894959,68.76758119314653,21.420000000000073,0,0,0.012263686434370369,-0.3170818272394911,-0.004589757167172137,0,1,1,1,1,0,1613.64,1770.59,1571.58,48012285956
114,2021-02-08,1613.64,1770.59,1571.58,1746.62,48012285956,200147673571,69.08466302038602,132.38999999999987,0,0,0.08201433500802224,8.391648879592893,0.138263834782143,0,0,1,1,1,1,1677.61,1690.04,1501.75,39889440151
115,2021-02-07,1677.61,1690.04,1501.75,1614.23,39889440151,184955254625,60.693014140793125,-63.61999999999989,0,0,-0.03791757308460231,-8.941243653856944,-0.1284029432786442,0,0,0,0,0,1,1717.8,1738.31,1649.07,39873420648
116,2021-02-06,1717.8,1738.31,1649.07,1677.85,39873420648,192221649234,69.63425779465007,-40.80000000000018,0,0,-0.023739563029121835,-2.227932505346317,-0.03100284720025337,0,1,0,1,0,0,1594.79,1756.51,1594.79,40108628454
117,2021-02-05,1594.79,1756.51,1594.79,1718.65,40108628454,196873128687,71.86219029999639,123.8900000000001,0,0,0.07768567057112041,0.23025188740825797,0.003214374656204999,2,0,1,1,1,0,1661.17,1689.19,1561.85,44396871836
118,2021-02-04,1661.17,1689.19,1561.85,1594.76,44396871836,182660183410,71.63193841258813,-66.15000000000009,1,0,-0.03982756440746338,10.817519186953938,0.17787753833212938,2,1,1,1,0,1,1514.77,1660.91,1510.01,41874566399
119,2021-02-03,1514.77,1660.91,1510.01,1660.91,41874566399,190213812447,60.81441922563419,145.72000000000003,0,0,0.09617275721196683,4.806297433611306,0.085814294067184,0,1,1,1,1,0,1369.51,1542.99,1362.77,45437142801
120,2021-02-02,1369.51,1542.99,1362.77,1515.19,45437142801,173505318779,56.008121792022884,146.1500000000001,0,0,0.10675363758546141,1.0250648988536284,0.018643286800974046,0,1,1,1,1,1,1314.86,1373.85,1274.36,29210670920
121,2021-02-01,1314.86,1373.85,1274.36,1369.04,29210670920,156750867717,54.983056893169255,54.049999999999955,0,0,0.041102974167103845,1.108086588178665,0.020567743831795937,0,0,0,0,1,1,1376.82,1378.92,1288.5,25198853581
122,2021-01-31,1376.82,1378.92,1288.5,1314.99,25198853581,150543956657,53.87497030499059,-61.12999999999988,0,0,-0.04442199808156255,-3.001657456174648,-0.05277488441788647,0,0,0,0,0,0,1382.23,1402.4,1328.53,30616574234
123,2021-01-30,1382.23,1402.4,1328.53,1376.12,30616574234,157523498333,56.87662776116524,-6.400000000000091,0,0,-0.00462922778693986,-2.7702619193321993,-0.04644436506532512,0,1,0,1,0,0,1369.09,1428.98,1292.24,53611955259
124,2021-01-29,1369.09,1428.98,1292.24,1382.52,53611955259,158238360146,59.64688968049744,50.02999999999997,0,0,0.03754624800186113,4.408969415937456,0.07981780260409632,0,1,1,1,1,1,1251.28,1356.29,1226.17,34637234789
125,2021-01-28,1251.28,1356.29,1226.17,1332.49,34637234789,152494242714,55.23792026455998,79.29999999999995,0,0,0.06327851323422617,-0.3431592151166001,-0.006174029333886444,0,0,0,1,1,0,1358.33,1368.07,1215.31,39394416990
126,2021-01-27,1358.33,1368.07,1215.31,1253.19,39394416990,143401382573,55.58107947967658,-103.86999999999989,0,0,-0.07654046247034019,-8.932780486078435,-0.1384629673502732,0,1,0,0,0,0,1323.74,1376.09,1253.34,41572917750
127,2021-01-26,1323.74,1376.09,1253.34,1357.06,41572917750,155269118237,64.51385996575502,32.649999999999864,0,0,0.024652486767692716,3.812365246608728,0.06280512966357388,0,0,0,0,1,0,1390.64,1467.78,1304.97,43565777745
128,2021-01-25,1390.64,1467.78,1304.97,1324.41,43565777745,151516304275,60.70149471914629,-67.19999999999982,0,0,-0.048289391424321315,5.308888292706854,0.09584109929466811,0,1,1,1,0,1,1231.21,1395.11,1225.27,36418163554
129,2021-01-24,1231.21,1395.11,1225.27,1391.61,36418163554,159184556292,55.392606426439436,160.6199999999999,0,0,0.1304803450880998,7.760636834048896,0.162929160823295,0,0,1,1,1,1,1235.27,1272.15,1200.89,27253895441
130,2021-01-23,1235.27,1272.15,1200.89,1230.99,27253895441,140794949838,47.63196959239054,-5.519999999999982,0,0,-0.0044641774025280245,-2.923039920770087,-0.057818996552837176,0,1,1,1,0,0,1118.89,1271.69,1046.6,43918338506
131,2021-01-22,1118.89,1271.69,1046.6,1236.51,43918338506,141409699225,50.55500951316063,114.94000000000005,0,0,0.10248134311723756,5.783882575750411,0.1291877817557785,0,0,0,0,1,0,1382.68,1382.68,1098.48,45932464754
132,2021-01-21,1382.68,1382.68,1098.48,1121.57,45932464754,128249677791,44.771126937410216,-260.70000000000005,0,0,-0.18860280553003395,-16.853508050643946,-0.2734865375496499,0,1,0,0,0,0,1375.25,1405.74,1243.3,46784030909
133,2021-01-20,1375.25,1405.74,1243.3,1382.27,46784030909,158042129137,61.62463498805416,4.970000000000027,0,0,0.003608509402454052,-4.5811088198777625,-0.06919503590455711,0,1,0,0,1,0,1257.43,1432.3,1254.52,47195935190
134,2021-01-19,1257.43,1432.3,1254.52,1377.3,47195935190,157454089945,66.20574380793192,120.01999999999998,0,0,0.09546004072283032,2.5597781853288524,0.0402190171881025,0,1,1,1,1,1,1230.31,1259.45,1187.31,25817455560
135,2021-01-18,1230.31,1259.45,1187.31,1257.28,25817455560,143716601983,63.64596562260307,27.1099999999999,0,0,0.022037604558719393,-1.6415839031503339,-0.02514390439026648,0,0,0,1,1,0,1233.45,1265.64,1174.39,29258032819
136,2021-01-17,1233.45,1265.64,1174.39,1230.17,29258032819,140601384430,65.2875495257534,-3.369999999999891,0,0,-0.002731974642086965,-6.983461915183611,-0.09662881113668653,0,1,0,1,0,0,1171.44,1290.05,1157.62,32319240157
137,2021-01-16,1171.44,1290.05,1157.62,1233.54,32319240157,140969419372,72.27101144093702,61.710000000000036,0,0,0.052661222190932166,0.4804175379201183,0.006691928730512053,2,0,1,1,1,0,1221.88,1250.51,1090.72,35972039310
138,2021-01-15,1221.88,1250.51,1090.72,1171.83,35972039310,133902070141,71.7905939030169,-46.62000000000012,0,0,-0.03826172596331412,-2.8892586288951634,-0.038688595798452186,2,1,1,0,0,1,1130.23,1244.16,1093.06,33410915929
139,2021-01-14,1130.23,1244.16,1093.06,1218.45,33410915929,139212433452,74.67985253191206,87.71000000000004,0,0,0.0775686718432178,3.614821638904104,0.05086639087438671,2,1,1,1,1,1,1043.74,1134.34,994.55,30109792795
140,2021-01-13,1043.74,1134.34,994.55,1130.74,30109792795,129175741557,71.06503089300796,87.30999999999995,1,0,0.0836759533461755,2.335522204091575,0.03398136038863053,2,0,0,0,1,0,1088.53,1149.24,1012.76,37494601692
141,2021-01-12,1088.53,1149.24,1012.76,1043.43,37494601692,119187795980,68.72950868891638,-46.72000000000003,0,0,-0.04285648763931571,-4.124240024666918,-0.05660985326755008,0,0,0,1,0,0,1261.62,1261.62,924.92,60733630300
142,2021-01-11,1261.62,1261.62,924.92,1090.15,60733630300,124508608482,72.8537487135833,-172.0999999999999,0,0,-0.13634383046147747,-20.87522085169971,-0.222718983773314,2,0,0,0,0,1,1280.87,1347.93,1194.72,40616938053
143,2021-01-10,1280.87,1347.93,1194.72,1262.25,40616938053,144147690009,93.72896956528301,-18.829999999999927,0,0,-0.014698535610578545,-2.9801660941928816,-0.030815765996362487,2,1,1,1,0,1,1223.74,1303.87,1182.27,33233105361
144,2021-01-09,1223.74,1303.87,1182.27,1281.08,33233105361,146280792179,96.70913565947589,56.87999999999988,0,0,0.04646299624244388,0.24275400382101964,0.0025164622084359323,2,0,1,1,1,0,1225.97,1273.83,1076.08,44334826666
145,2021-01-08,1225.97,1273.83,1076.08,1224.2,44334826666,139769385933,96.46638165565487,-1.4800000000000182,0,0,-0.0012074929834867687,-0.2971012936117745,-0.003070386519339552,2,1,0,0,0,1,1208.08,1282.58,1167.44,40468027280
146,2021-01-07,1208.08,1282.58,1167.44,1225.68,40468027280,139921813992,96.76348294926665,18.570000000000164,0,0,0.015383850684693279,-0.045347205411232494,-0.00046842013624970313,2,1,1,1,1,0,1101.0,1209.43,1064.23,44699914188
147,2021-01-06,1101.0,1209.43,1064.23,1207.11,44699914188,137786204517,96.80883015467788,107.09999999999991,0,0,0.09736275124771576,8.677210651120149,0.09845740609327924,2,1,1,1,1,1,1041.5,1129.37,986.81,41535932781
148,2021-01-05,1041.5,1129.37,986.81,1100.01,41535932781,125545618320,88.13161950355773,59.77999999999997,0,0,0.057468059948280636,0.717026064867909,0.008202589941355809,2,1,0,1,1,0,977.06,1153.19,912.31,56945985763
149,2021-01-04,977.06,1153.19,912.31,1040.23,56945985763,118709509272,87.41459343868982,64.72000000000003,0,0,0.06634478375413888,6.1291071136814566,0.07540223219155129,2,1,1,1,1,1,774.51,1006.57,771.56,45200463368
150,2021-01-03,774.51,1006.57,771.56,975.51,45200463368,111309985611,81.28548632500836,200.98000000000002,1,0,0.2594863982027811,15.235398573942803,0.23066431995311043,2,1,1,1,1,1,730.4,786.8,718.11,19740771179
151,2021-01-02,730.4,786.8,718.11,774.53,19740771179,88367612520,66.05008775106556,44.15999999999997,0,0,0.0604625053055301,4.2179549605863755,0.06821622949476924,0,0,1,0,1,1,737.71,749.2,719.79,13652004358
152,2021-01-01,737.71,749.2,719.79,730.37,13652004358,83318539689,61.832132790479186,-7.42999999999995,0,0,-0.010070479804825117,-2.8261544767454225,-0.04370908349405045,0,0,0,0,0,0,751.63,754.3,726.51,13926846861
153,2020-12-31,751.63,754.3,726.51,737.8,13926846861,84156810765,64.65828726722461,-13.82000000000005,0,0,-0.0183869508528246,-3.5683137179970856,-0.05230091586667207,0,1,2,1,0,0,731.47,754.3,720.99,17294574210
154,2020-12-30,731.47,754.3,720.99,751.62,17294574210,85722581849,68.2266009852217,20.100000000000023,0,0,0.027477034120734878,-2.4722924335319476,-0.03496932291271404,0,1,1,1,1,0,730.36,737.95,692.15,18710683199
155,2020-12-29,730.36,737.95,692.15,731.52,18710683199,83420334909,70.69889341875364,1.1200000000000045,0,0,0.0015334063526835084,-0.18905033612875854,-0.0026668898280144404,2,1,0,1,1,0,683.21,745.88,683.21,24222565862
156,2020-12-28,683.21,745.88,683.21,730.4,24222565862,83282601745,70.8879437548824,47.75999999999999,1,0,0.06996367045587726,5.46939772145177,0.08360622565131237,2,1,1,1,1,0,635.89,711.39,628.33,26093552821
157,2020-12-27,635.89,711.39,628.33,682.64,26093552821,77828069141,65.41854603343063,46.799999999999955,0,0,0.07360342224458982,3.2235567291994442,0.051829846186341344,0,1,1,1,1,1,626.5,650.72,617.4,14761125202
158,2020-12-26,626.5,650.72,617.4,635.84,14761125202,72483025275,62.194989304231186,9.430000000000064,0,0,0.015054038090069,-1.7441426342090836,-0.02727817193214821,0,1,1,1,1,1,611.55,633.06,605.42,13520927700
159,2020-12-25,611.55,633.06,605.42,626.41,13520927700,71400061460,63.93913193844027,14.799999999999955,0,0,0.024198427102238185,4.930701171344531,0.08355926614632136,0,1,1,1,1,0,584.14,613.82,568.6,14317413703
160,2020-12-24,584.14,613.82,568.6,611.61,14317413703,69704465560,59.00843076709574,27.899999999999977,0,0,0.04779770776584269,7.142527728391471,0.137711431015892,0,0,0,1,1,0,634.82,637.12,560.36,15261413038
161,2020-12-23,634.82,637.12,560.36,583.71,15261413038,66517758494,51.86590303870427,-51.139999999999986,0,0,-0.08055446168386227,-14.691786085612897,-0.2207376229389728,0,1,1,0,0,1,609.42,635.08,589.55,14745890080
162,2020-12-22,609.42,635.08,589.55,634.85,14745890080,72336758960,66.55768912431716,25.029999999999973,0,0,0.04104489849463766,13.013015991283488,0.2430310099933224,0,0,0,0,1,1,638.32,646.85,600.84,14419493621
163,2020-12-21,638.32,646.85,600.84,609.82,14419493621,69475834115,53.544673133033676,-28.469999999999914,0,0,-0.04460355011045125,-4.188512820541703,-0.07254948347922086,0,0,0,0,0,1,659.19,659.92,625.01,13375855442
164,2020-12-20,659.19,659.92,625.01,638.29,13375855442,72711065645,57.73318595357538,-21.00999999999999,0,0,-0.03186713180646139,-6.5479729385528955,-0.10186457511665592,0,1,0,0,0,1,654.62,668.77,646.62,12830893778
165,2020-12-19,654.62,668.77,646.62,659.3,12830893778,75095087629,64.28115889212827,4.490000000000009,0,0,0.006856950871245049,-3.3554598960506894,-0.04961010701258073,0,1,1,1,1,0,642.92,662.7,632.36,15756303983
166,2020-12-18,642.92,662.7,632.36,654.81,15756303983,74575304995,67.63661878817896,11.93999999999994,0,0,0.01857296187409574,12.926499954905651,0.23627256219820314,0,1,0,1,1,0,636.15,673.83,628.75,25479532147
167,2020-12-17,636.15,673.83,628.75,642.87,25479532147,73206412681,54.71011883327331,6.690000000000055,0,0,0.010515891728756,-1.8264951902951267,-0.03230641278824575,0,1,1,1,1,1,589.38,636.64,582.04,15817248373
168,2020-12-16,589.38,636.64,582.04,636.18,15817248373,72436347872,56.53661402356844,46.819999999999936,0,0,0.0794421066920048,6.134374099284194,0.12170836273347052,0,1,1,1,1,1,586.02,596.25,580.63,9326645840
169,2020-12-15,586.02,596.25,580.63,589.36,9326645840,67096668322,50.402239924284245,3.3500000000000227,0,0,0.005716625996143421,5.592158916183443,0.12479689369837321,0,0,1,1,1,1,589.78,590.49,577.12,8125837102
170,2020-12-14,589.78,590.49,577.12,586.01,8125837102,66708003325,44.8100810081008,-3.6499999999999773,0,0,-0.006190007801105679,-7.409090075621016,-0.1418844826882102,0,1,0,1,0,0,568.61,593.78,564.57,9070377862
171,2020-12-13,568.61,593.78,564.57,589.66,9070377862,67115726662,52.21917108372182,21.089999999999918,0,0,0.03709305802275864,-2.3830981960548954,-0.043644673151662094,0,1,1,1,1,1,545.58,573.34,545.25,8534557897
172,2020-12-12,545.58,573.34,545.25,568.57,8534557897,64706942226,54.60226927977671,22.770000000000095,0,0,0.04171857823378544,0.2813193118289803,0.005178836378873619,0,0,1,1,1,0,559.68,560.38,537.81,11098819124
173,2020-12-11,559.68,560.38,537.81,545.8,11098819124,62108208317,54.32094996794773,-13.879999999999995,0,0,-0.0247998856489422,-2.167526954152443,-0.038371134650019845,0,0,0,0,0,0,573.5,574.6,549.78,11672582040
174,2020-12-10,573.5,574.6,549.78,559.68,11672582040,63680254165,56.488476922100176,-13.800000000000068,0,0,-0.024063611634233206,6.093415892959115,0.12091295790743417,0,1,0,1,0,0,554.79,577.29,533.0,15855915840
175,2020-12-09,554.79,577.29,533.0,573.48,15855915840,65242758700,50.39506102914106,18.649999999999977,0,0,0.03361389975307749,7.068164627476513,0.16313572433046386,0,0,0,0,1,1,591.9,594.75,552.47,14398919320
176,2020-12-08,591.9,594.75,552.47,554.83,14398919320,63113292237,43.32689640166455,-37.00999999999999,0,0,-0.06253379291700456,-4.195552212636926,-0.08828569097288286,0,0,0,0,0,1,601.8,602.92,585.43,10720480962
177,2020-12-07,601.8,602.92,585.43,591.84,10720480962,67315962016,47.522448614301474,-10.069999999999936,0,0,-0.01673007592497211,-8.3147904142456,-0.14891120261147983,0,1,0,1,0,0,596.57,606.79,584.41,11290893016
178,2020-12-06,596.57,606.79,584.41,601.91,11290893016,68452719868,55.837239028547074,5.309999999999945,0,0,0.008900435802883022,-0.3812461479359399,-0.006781508728652463,0,1,1,1,1,0,569.35,596.6,563.11,13498010566
179,2020-12-05,569.35,596.6,563.11,596.6,13498010566,67840334209,56.218485176483014,27.25,0,0,0.04786159655747779,-1.398627450979994,-0.024274514761320143,0,0,0,0,1,0,616.72,618.98,569.28,16337589997
180,2020-12-04,616.72,618.98,569.28,569.35,16337589997,64734997135,57.61711262746301,-47.360000000000014,0,0,-0.07679460362244817,-11.370427944204884,-0.16481857231006347,0,1,0,0,0,1,598.46,622.45,588.35,16146190946
181,2020-12-03,598.46,622.45,588.35,616.71,16146190946,70110808538,68.98754057166789,18.360000000000014,0,0,0.03068438205063928,2.990178312900099,0.04530754276475424,0,1,1,1,1,0,587.26,604.02,578.74,16883292129
182,2020-12-02,587.26,604.02,578.74,598.35,16883292129,68015797685,65.9973622587678,11.029999999999973,0,0,0.018780222025471582,1.1985355389714556,0.018496253707712462,0,0,0,1,1,0,615.07,635.16,571.75,27178964465
183,2020-12-01,615.07,635.16,571.75,587.32,27178964465,66754367842,64.79882671979634,-27.519999999999982,0,0,-0.044759612256847325,-7.062412977618138,-0.09827847400567791,0,1,1,1,0,1,575.76,615.24,571.54,20276867833
184,2020-11-30,575.76,615.24,571.54,614.84,20276867833,69873714778,71.86123969741448,39.08000000000004,1,0,0.06787550368208972,2.2935005191984743,0.03296787485537034,2,1,1,1,1,1,538.26,576.6,531.99,15017517758
185,2020-11-29,538.26,576.6,531.99,575.76,15017517758,65424084296,69.567739178216,37.52999999999997,0,0,0.06972855470709538,6.667924216545373,0.1060086459810512,0,1,1,1,1,1,517.6,548.04,508.13,14770243833
186,2020-11-28,517.6,548.04,508.13,538.23,14770243833,61152393529,62.89981496167063,20.74000000000001,0,0,0.04007806914143264,5.66923260118746,0.09905949524466107,0,0,1,1,1,0,519.11,530.78,497.24,16831105703
187,2020-11-27,519.11,530.78,497.24,517.49,16831105703,58789344389,57.23058236048317,-1.3099999999999454,0,0,-0.002525057825751631,-2.1299411420598275,-0.03588144134154381,0,0,0,1,0,0,570.51,575.64,485.5,31104004592
188,2020-11-26,570.51,575.64,485.5,518.8,31104004592,58930920929,59.360523502542996,-51.8900000000001,0,0,-0.09092502058911156,-11.45686780180484,-0.16178042696556438,0,0,0,0,0,1,603.9,605.09,559.67,20088492893
189,2020-11-25,603.9,605.09,559.67,570.69,20088492893,64816875593,70.81739130434784,-33.20999999999992,0,0,-0.05499254843517121,-11.470524280611528,-0.13939500349560585,2,0,0,0,0,0,608.52,621.17,593.84,23281758100
190,2020-11-24,608.52,621.17,593.84,603.9,23281758100,68580780139,82.28791558495936,-4.550000000000068,0,0,-0.007478017914372748,-1.9691426743508629,-0.02337065540895833,2,1,1,1,0,0,558.06,609.99,551.27,27272302872
191,2020-11-23,558.06,609.99,551.27,608.45,27272302872,69089845802,84.25705825931023,50.379999999999995,0,0,0.09027541347859591,7.9693319011613255,0.10446414228872958,2,1,1,1,1,1,549.49,579.37,514.52,21967049601
192,2020-11-22,549.49,579.37,514.52,558.07,21967049601,63361036976,76.2877263581489,8.580000000000041,0,0,0.01561447888041645,-1.0553477550876664,-0.013645019508049971,2,1,1,1,1,1,509.74,550.23,504.24,20757099184
193,2020-11-21,509.74,550.23,504.24,549.49,20757099184,62379287099,77.34307411323657,39.75,1,0,0.07798093145525176,12.656975458528066,0.1956676275391167,2,1,1,1,1,1,471.63,513.61,471.63,18629943296
194,2020-11-20,471.63,513.61,471.63,509.74,18629943296,57860686204,64.6860986547085,38.110000000000014,0,0,0.0808048682229714,-0.472439215300966,-0.007250611059497314,0,0,1,1,1,1,479.48,480.12,465.7,12473929218
195,2020-11-19,479.48,480.12,465.7,471.63,12473929218,53528035617,65.15853787000947,-7.850000000000023,0,0,-0.016371902894802726,-4.780618570126649,-0.06835396383739034,0,0,0,0,0,0,480.35,492.0,465.83,17880199224
196,2020-11-18,480.35,492.0,465.83,479.48,17880199224,54412825617,69.93915644013612,-0.8799999999999955,0,0,-0.0018319593638104203,-2.4018840222916253,-0.03320223218988827,0,1,1,1,0,1,464.41,482.23,460.78,14593057877
197,2020-11-17,464.41,482.23,460.78,480.36,14593057877,54505786216,72.34104046242774,20.420000000000016,0,0,0.044397095273296605,2.3065972936562247,0.03293518430777986,2,1,1,1,1,1,447.56,463.83,445.5,11441239444
198,2020-11-16,447.56,463.83,445.5,459.94,11441239444,52182517297,70.03444316877152,12.379999999999995,1,0,0.027661095719009765,6.731595527948407,0.10633953730080381,2,0,1,1,1,1,460.15,460.99,440.25,10308617165
199,2020-11-15,460.15,460.99,440.25,447.56,10308617165,50771836456,63.30284764082311,-12.589999999999975,0,0,-0.027360643268499296,-6.093840472245127,-0.0878116901244107,0,0,0,0,0,0,474.63,475.16,452.99,10312037942
200,2020-11-14,474.63,475.16,452.99,460.15,10312037942,52193800907,69.39668811306824,-14.480000000000018,0,0,-0.030507974632871915,-6.2614640304676215,-0.08275993865920228,0,1,0,0,0,0,461.01,475.22,457.3,13191505725
201,2020-11-13,461.01,475.22,457.3,474.63,13191505725,53829432990,75.65815214353586,13.620000000000005,0,0,0.0295438276826967,3.7077975336067936,0.05153272077265236,2,0,1,1,1,1,462.96,467.68,452.07,12877327234
202,2020-11-12,462.96,467.68,452.07,461.01,12877327234,52278353038,71.95035460992906,-1.9499999999999886,0,0,-0.004212026956972537,-0.012759417380735272,-0.00017730496453904898,2,1,0,1,0,0,449.68,473.58,449.52,14075403511
203,2020-11-11,449.68,473.58,449.52,462.96,14075403511,52493805532,71.9631140273098,13.279999999999973,1,0,0.029532111723892474,8.625108888323588,0.1361758847535064,2,1,1,1,1,1,444.17,453.76,439.6,12090381666
204,2020-11-10,444.17,453.76,439.6,449.68,12090381666,50981825542,63.33800513898621,5.519999999999982,0,0,0.012427953890489896,-0.9570525872266202,-0.014885321221765335,0,0,0,1,1,0,453.57,457.35,435.16,13704320630
205,2020-11-09,453.57,457.35,435.16,444.16,13704320630,50350406402,64.29505772621283,-9.389999999999986,0,0,-0.02070334031529042,1.0573780260394372,0.01672069612694127,0,1,0,1,0,1,435.72,457.78,433.15,11292383601
206,2020-11-08,435.72,457.78,433.15,453.55,11292383601,51408911250,63.237679700173395,17.840000000000032,0,0,0.04094466502949223,6.283680776921621,0.11032905319588138,0,0,0,1,1,0,454.72,465.68,428.46,18873289788
207,2020-11-07,454.72,465.68,428.46,435.71,18873289788,49380744878,56.953998923251774,-19.010000000000048,0,0,-0.041805946516537795,-7.944907274958396,-0.12241974079953766,0,1,1,1,0,1,414.07,456.2,412.98,16738305610
208,2020-11-06,414.07,456.2,412.98,454.72,16738305610,51528636308,64.89890619821017,40.650000000000034,0,0,0.09817180669935044,14.76755768682662,0.29457730791888204,0,1,1,1,1,1,402.14,417.53,397.25,15440711038
209,2020-11-05,402.14,417.53,397.25,414.07,15440711038,46916321971,50.13134851138355,11.930000000000007,0,0,0.02966628537325322,-3.885607483771871,-0.07193310715473034,0,1,1,1,1,1,387.6,407.67,377.83,15126077675
210,2020-11-04,387.6,407.67,377.83,402.14,15126077675,45559668259,54.01695599515542,14.539999999999964,0,0,0.03751289989680062,-2.9564498676430233,-0.05189175235131027,0,1,1,1,1,1,383.16,389.52,371.31,12588494762
211,2020-11-03,383.16,389.52,371.31,387.6,12588494762,43907159817,56.973405862798444,4.439999999999998,0,0,0.011587848418415314,5.812794559453565,0.1136185516820345,0,0,0,0,1,0,396.36,403.24,381.02,13997574252
212,2020-11-02,396.36,403.24,381.02,383.16,13997574252,43398380101,51.16061130334488,-13.199999999999989,0,0,-0.03330305782621856,-5.971019344985187,-0.10451337161614371,0,1,1,0,0,1,386.59,397.12,385.17,10475146018
213,2020-11-01,386.59,397.12,385.17,396.36,10475146018,44888307221,57.131630648330066,9.770000000000039,0,0,0.025272252256913097,0.1419594348947797,0.002490967781918263,0,1,1,1,1,0,382.82,393.01,381.3,11276963426
214,2020-10-31,382.82,393.01,381.3,386.59,11276963426,43776829150,56.98967121343529,3.769999999999982,0,0,0.009847970325479238,0.3901008418862517,0.006892293339426869,0,0,1,1,1,0,386.73,391.46,375.09,13688056970
215,2020-10-30,386.73,391.46,375.09,382.82,13688056970,43344676043,56.599570371549035,-3.910000000000025,0,0,-0.010110412949603131,3.1068265562245614,0.058079401702601174,0,0,0,0,0,1,388.65,393.23,381.29,12920477749
216,2020-10-29,388.65,393.23,381.29,386.73,12920477749,43782246356,53.492743815324474,-1.919999999999959,0,0,-0.004940177537630208,0.04822424504427403,0.0009023234829692584,0,0,0,1,0,0,404.0,408.96,381.15,15276441134
217,2020-10-28,404.0,408.96,381.15,388.65,15276441134,43994384280,53.4445195702802,-15.350000000000023,0,0,-0.037995049504950584,-6.101810052219172,-0.10247163999699527,0,1,0,0,0,1,393.89,409.77,390.61,13940434102
218,2020-10-27,393.89,409.77,390.61,404.0,13940434102,45726046137,59.54632962249937,10.110000000000014,0,0,0.025667064408845253,6.8888662920420956,0.130824119817742,0,0,0,1,1,0,406.22,411.28,383.78,15155684229
219,2020-10-26,406.22,411.28,383.78,393.89,15155684229,44576504574,52.657463330457276,-12.330000000000041,0,0,-0.030353010683865977,-10.720635843096467,-0.16915363481853918,0,0,0,0,0,1,412.46,417.16,405.35,10890207469
220,2020-10-25,412.46,417.16,405.35,406.22,10890207469,45966378925,63.37809917355374,-6.239999999999952,0,0,-0.015128739756582354,-4.804914236911664,-0.07047084011945648,0,1,1,0,0,0,409.77,416.6,407.85,12201739194
221,2020-10-24,409.77,416.6,407.85,412.46,12201739194,46666915712,68.1830134104654,2.6899999999999977,0,0,0.006564658222905528,-0.7328968481405127,-0.010634653817824136,0,0,0,1,1,0,414.05,418.96,403.08,14256222052
222,2020-10-23,414.05,418.96,403.08,409.77,14256222052,46356841440,68.91591025860592,-4.0,0,0,-0.009667206419025076,-5.770610117569618,-0.07726441248708116,0,1,0,1,0,0,391.49,420.14,391.28,15772846485
223,2020-10-22,391.49,420.14,391.28,413.77,15772846485,46795599921,74.68652037617554,21.579999999999984,0,0,0.055024350442387515,2.7783624356641496,0.0386376527397998,2,1,1,1,1,0,369.06,400.63,368.73,20241324322
224,2020-10-21,369.06,400.63,368.73,392.19,20241324322,44354670582,71.90815794051139,23.05000000000001,1,0,0.062442433764967165,6.669242744643981,0.10222798347613304,2,0,1,1,1,1,379.72,380.76,367.6,13741586582
225,2020-10-20,379.72,380.76,367.6,369.14,13741586582,41745418861,65.2389151958674,-10.800000000000011,0,0,-0.028425540874875033,1.602551559503759,0.02518295307791618,0,1,0,0,0,1,378.47,383.32,373.7,12811242092
226,2020-10-19,378.47,383.32,373.7,379.94,12811242092,42961460206,63.63636363636365,1.7300000000000182,0,0,0.0045741783665160796,0.13409833239145996,0.002111709428782804,0,1,1,1,1,1,368.73,378.6,368.13,11047103109
227,2020-10-18,368.73,378.6,368.13,378.21,11047103109,42761561164,63.50226530397219,9.349999999999966,0,0,0.02534837065553308,1.3106040946292339,0.02107363059844336,0,1,1,1,1,1,366.02,369.77,364.49,10951115359
228,2020-10-17,366.02,369.77,364.49,368.86,10951115359,41698592886,62.19166120934295,2.6299999999999955,0,0,0.0071812795237964355,0.9952906481241683,0.016263883609380247,0,0,0,1,1,0,377.87,380.02,362.6,14670784817
229,2020-10-16,377.87,380.02,362.6,366.23,14670784817,41396681083,61.196370561218785,-11.20999999999998,0,0,-0.029700084781687064,-3.0515419402512975,-0.04749635935924723,0,0,0,0,0,0,379.19,381.21,371.35,14964182546
230,2020-10-15,379.19,381.21,371.35,377.44,14964182546,42659015495,64.24791250147008,-2.0400000000000205,0,0,-0.0053757773795720665,3.3584787074442133,0.05515700341056107,0,0,0,0,0,1,381.97,387.3,374.18,13918846567
231,2020-10-14,381.97,387.3,374.18,379.48,13918846567,42884585295,60.88943379402587,-1.7099999999999795,0,0,-0.004485951887510109,-1.2604698231642928,-0.02028112273396443,0,0,0,0,0,0,387.14,387.38,375.58,14226744838
232,2020-10-13,387.14,387.38,375.58,381.19,14226744838,43072303018,62.14990361719016,-6.5400000000000205,0,0,-0.01686740773218487,-6.7312558030997,-0.09772274247051826,0,1,0,1,0,0,374.8,395.12,366.64,15867455424
233,2020-10-12,374.8,395.12,366.64,387.73,15867455424,43805601681,68.88115942028986,12.590000000000032,0,0,0.03356080396651917,7.227222101353846,0.11722239350209551,0,1,1,0,1,1,370.93,377.25,369.83,12584512533
234,2020-10-11,370.93,377.25,369.83,375.14,12584512533,42376475415,61.653937318936016,4.169999999999959,0,0,0.011240801142949453,1.1547512093320833,0.01908705362151597,0,1,0,1,1,0,365.4,378.27,365.35,13618484324
235,2020-10-10,365.4,378.27,365.35,370.97,13618484324,41899893524,60.49918610960393,5.380000000000052,0,0,0.0147159386197655,1.14119587931782,0.01922564889563172,0,1,1,1,1,1,351.11,368.31,348.21,13043501763
236,2020-10-09,351.11,368.31,348.21,365.59,13043501763,41287658660,59.35799023028611,14.819999999999993,0,0,0.042249907346694426,8.176095846380022,0.15974586218033693,0,1,1,1,1,0,342.04,352.21,335.65,13461017711
237,2020-10-08,342.04,352.21,335.65,350.77,13461017711,39608808457,51.18189438390609,8.95999999999998,0,0,0.026213393405693175,-11.924655723784284,-0.18896066578564408,0,1,1,1,1,1,340.94,342.45,334.55,11929918060
238,2020-10-07,340.94,342.45,334.55,341.81,11929918060,38592810957,63.106550107690374,0.9900000000000091,0,0,0.0029047591103807946,14.922578532483122,0.30970005262416844,0,0,0,0,1,0,353.96,354.99,338.0,12830796112
239,2020-10-06,353.96,354.99,338.0,340.82,12830796112,38476195645,48.18397157520725,-13.139999999999986,0,0,-0.03712283873884048,-8.510934355038088,-0.15011814933619483,0,1,0,0,0,1,352.74,355.21,349.68,11809507622
240,2020-10-05,352.74,355.21,349.68,353.96,11809507622,39954971652,56.69490593024534,1.3799999999999955,0,0,0.0039140053321231605,14.47043847213304,0.3427026874048338,0,1,1,1,1,1,346.6,354.05,345.13,10696959020
241,2020-10-04,346.6,354.05,345.13,352.58,10696959020,39794771396,42.2244674581123,6.060000000000002,0,0,0.01748816807110698,7.562517772577749,0.2181792380748222,0,1,1,1,1,1,346.22,351.31,344.67,10060167889
242,2020-10-03,346.22,351.31,344.67,346.52,10060167889,39106512854,34.66194968553455,0.2799999999999727,0,0,0.0008086876155266598,-0.4590495338253078,-0.013070514621698615,0,0,0,1,1,0,352.95,354.12,336.47,14215390463
243,2020-10-02,352.95,354.12,336.47,346.24,14215390463,39069960290,35.12099921935986,-6.96999999999997,0,0,-0.019733303134112812,-0.6449599188864141,-0.01803278688524612,0,0,0,0,0,0,360.31,369.26,346.48,14679481911
244,2020-10-01,360.31,369.26,346.48,353.21,14679481911,39851388059,35.765959138246274,-6.730000000000018,0,0,-0.018697560704561966,-12.17106201870881,-0.25389691985362206,0,1,1,0,0,1,360.04,361.18,353.33,11818610610
245,2020-09-30,360.04,361.18,353.33,359.94,11818610610,40606130498,47.93702115695508,0.18000000000000682,0,0,0.0005003335557038913,-0.2875000229694251,-0.00596169782374345,0,1,1,1,1,1,354.36,360.35,352.15,11600013236
246,2020-09-29,354.36,360.35,352.15,359.76,11600013236,40581050364,48.22452117992451,4.599999999999966,0,0,0.012951908998761086,5.551050439650126,0.13008200044087714,0,0,0,0,1,0,357.93,366.43,354.55,14258455166
247,2020-09-28,357.93,366.43,354.55,355.16,14258455166,40057637361,42.67347074027438,-2.2799999999999727,0,0,-0.006378692927484275,-4.7908172018377755,-0.1009351959030903,0,1,1,1,0,1,354.96,361.98,349.83,13598126926
248,2020-09-27,354.96,361.98,349.83,357.44,13598126926,40309981004,47.46428794211216,1.9499999999999886,0,0,0.005485386368111689,6.268533094081938,0.15216454018639425,0,1,1,1,1,1,352.35,355.85,348.11,13049148579
249,2020-09-26,352.35,355.85,348.11,355.49,13049148579,40085290850,41.19575484803022,3.3100000000000023,0,0,0.009398602987108928,-2.850983018100692,-0.06472631473335311,0,1,0,1,1,0,349.41,357.77,339.02,14381086966
250,2020-09-25,349.41,357.77,339.02,352.18,14381086966,39707914546,44.04673786613091,2.819999999999993,0,0,0.008071902908174833,-1.0963266165562118,-0.024285604646460457,0,1,1,1,1,0,320.99,351.46,318.55,15714304470
251,2020-09-24,320.99,351.46,318.55,349.36,15714304470,39384347822,45.14306448268712,28.24000000000001,0,0,0.08794220229197802,3.3970414739349906,0.08137401431563429,0,0,1,0,1,1,344.59,344.67,318.97,12899346599
252,2020-09-23,344.59,344.67,318.97,321.12,12899346599,36196531454,41.74602300875213,-23.379999999999995,0,0,-0.06786647314949201,-10.262126001725157,-0.1973176549632213,0,1,0,0,0,1,341.72,346.6,336.86,12732578043
253,2020-09-22,341.72,346.6,336.86,344.5,12732578043,38830213878,52.00814901047729,2.7099999999999795,0,0,0.007928845197343382,4.962102094751835,0.10547330583673808,0,0,0,1,1,0,371.4,375.74,336.07,17398267133
254,2020-09-21,371.4,375.74,336.07,341.79,17398267133,38519366615,47.046046915725455,-29.25999999999999,0,0,-0.07885729686026144,-8.63876573290235,-0.15513683753258045,0,0,0,0,0,1,385.6,385.6,367.09,12292195784
255,2020-09-20,385.6,385.6,367.09,371.05,12292195784,41812641074,55.684812648627805,-14.490000000000009,0,0,-0.037583648908025125,-10.106644637804372,-0.15361636684537483,0,1,0,0,0,1,384.04,387.08,378.72,11049507684
256,2020-09-19,384.04,387.08,378.72,385.54,11049507684,43440360815,65.79145728643218,1.1800000000000068,0,0,0.0030700385055677515,16.71088856605303,0.3404787067822701,0,0,0,1,1,0,389.34,391.9,376.96,14108357740
257,2020-09-18,389.34,391.9,376.96,384.36,14108357740,43302193327,49.08056872037915,-4.659999999999968,0,0,-0.011978818569739258,-1.7212119507232302,-0.03388093739994258,0,1,0,1,0,0,365.87,393.9,364.8,19899531081
258,2020-09-17,365.87,393.9,364.8,389.02,19899531081,43821351213,50.80178067110238,23.20999999999998,0,0,0.06344823815641987,16.261854816143412,0.47081325201538227,0,1,1,1,1,1,364.74,372.77,356.68,16107612177
259,2020-09-16,364.74,372.77,356.68,365.81,16107612177,41202147932,34.539925854958966,0.9700000000000273,0,0,0.0026586997039799165,4.859725934637353,0.163736293814853,0,0,0,0,1,0,377.15,381.51,363.61,16140584321
260,2020-09-15,377.15,381.51,363.61,364.84,16140584321,41087642853,29.680199920321613,-12.430000000000007,0,1,-0.032947226124526274,-10.86290493817667,-0.26793470742040826,1,1,0,1,0,0,365.7,384.49,357.57,17536695361
261,2020-09-14,365.7,384.49,357.57,377.27,17536695361,42482307939,40.54310485849828,11.699999999999989,0,0,0.032004814399430925,0.9928271084400677,0.025102911153098262,0,0,0,1,1,1,387.52,388.96,354.34,15005899191
262,2020-09-13,387.52,388.96,354.34,365.57,15005899191,41160025962,39.550277750058214,-21.610000000000014,0,0,-0.055813833359161125,-8.378177534494625,-0.1748059161254646,0,1,1,0,0,1,374.6,387.54,367.84,13295405814
263,2020-09-12,374.6,387.54,367.84,387.18,13295405814,43588199422,47.92845528455284,12.480000000000018,0,0,0.03330664531625316,1.4677604639422839,0.03159144454488794,0,1,1,1,1,0,368.12,376.63,355.58,27296269329
264,2020-09-11,368.12,376.63,355.58,374.7,27296269329,42177302259,46.460694820610556,6.599999999999966,0,0,0.01792991035044822,-1.1628699957186441,-0.0244179535951059,0,1,0,1,1,0,351.43,377.39,351.11,31421134556
265,2020-09-10,351.43,377.39,351.11,368.1,31421134556,41430053162,47.6235648163292,16.99000000000001,0,0,0.04838939363732164,3.666769629017196,0.08341758341098537,0,1,1,1,1,1,337.82,359.16,332.16,14547933520
266,2020-09-09,337.82,359.16,332.16,351.11,14547933520,39512826170,43.956795187312004,13.509999999999991,0,0,0.04001777251184824,2.197772737752466,0.05262988951446701,0,0,1,1,1,0,353.2,355.56,328.82,17991403432
267,2020-09-08,353.2,355.56,328.82,337.6,17991403432,37988119627,41.75902244955954,-15.069999999999993,0,0,-0.042731165111860925,1.3033976861471572,0.03221795964762686,0,0,0,1,0,0,353.45,358.21,326.25,21763614732
268,2020-09-07,353.45,358.21,326.25,352.67,21763614732,39679199320,40.45562476341238,-0.6899999999999977,0,0,-0.0019526828163911603,-3.345327431200552,-0.07637567823495839,0,1,0,1,0,0,335.33,359.76,319.04,27643678917
269,2020-09-06,335.33,359.76,319.04,353.36,27643678917,39751917523,43.80095219461293,18.100000000000023,0,0,0.053987949651017164,4.138130544213638,0.10433273206552052,0,0,0,1,1,0,388.04,394.17,316.77,29880047640
270,2020-09-05,388.04,394.17,316.77,335.26,29880047640,37710860058,39.662821650399295,-52.98000000000002,0,0,-0.13646198227900275,-10.156833871383888,-0.20387202129374238,0,1,0,0,0,1,384.67,402.41,371.64,16747106257
271,2020-09-04,384.67,402.41,371.64,388.24,16747106257,43665020996,49.81965552178318,2.569999999999993,0,0,0.0066637280576657965,5.486530913141976,0.12375691904361208,0,0,0,0,1,0,440.24,449.53,381.13,19622845896
272,2020-09-03,440.24,449.53,381.13,385.67,19622845896,43370721326,44.33312460864121,-54.370000000000005,0,0,-0.12355694936823924,-13.060094237682009,-0.22755465715648182,0,0,0,0,0,0,477.01,480.33,424.46,19691854014
273,2020-09-02,477.01,480.33,424.46,440.04,19691854014,49478789435,57.393218846323215,-37.00999999999999,0,0,-0.07758096635572787,-5.481841452760229,-0.0871862615587844,0,1,0,0,0,1,434.87,487.21,432.08,18862763756
274,2020-09-01,434.87,487.21,432.08,477.05,18862763756,53633933560,62.875060299083444,41.97000000000003,0,0,0.09646501792773754,11.254054399206112,0.21801307826186433,0,1,1,1,1,1,428.51,438.56,419.77,12774741797
275,2020-08-31,428.51,438.56,419.77,435.08,12774741797,48909170052,51.62100589987733,6.680000000000007,0,0,0.01559290382819789,3.2178536808810847,0.06648025042505834,0,1,1,1,1,1,399.62,428.66,399.61,11211948040
276,2020-08-30,399.62,428.66,399.61,428.4,11211948040,48151884394,48.40315221899625,28.47999999999996,0,0,0.07121424284856959,10.280506017049248,0.26966926594209517,0,1,1,1,1,1,395.69,405.62,393.04,8777703481
277,2020-08-29,395.69,405.62,393.04,399.92,8777703481,44945899480,38.122646201947,4.050000000000011,0,0,0.010230631267840407,2.877851204434016,0.08165322580645129,0,1,1,1,1,0,382.63,397.76,381.27,9120674421
278,2020-08-28,382.63,397.76,381.27,395.87,9120674421,44485705032,35.24479499751298,13.240000000000009,0,0,0.03460261871782144,2.1783241932529904,0.06587712992256667,0,0,1,1,1,0,386.61,395.35,374.87,10457777652
279,2020-08-27,386.61,395.35,374.87,382.63,10457777652,42992439543,33.06647080425999,-3.840000000000032,0,0,-0.009936088182782687,-15.595530019124126,-0.32048682247421734,0,1,1,0,0,1,383.98,391.87,378.71,9967343483
280,2020-08-26,383.98,391.87,378.71,386.47,9967343483,43417926668,48.66200082338412,2.4700000000000273,0,0,0.006432291666666812,-2.3537118589952257,-0.046136998490039494,0,0,0,1,1,0,408.07,408.53,374.36,12428442042
281,2020-08-25,408.07,408.53,374.36,384.0,12428442042,43135697974,51.015712682379345,-24.139999999999986,0,0,-0.05914637134316658,-2.5963649256881283,-0.0484287317620653,0,1,0,0,0,1,391.68,409.39,389.31,10328860398
282,2020-08-24,391.68,409.39,389.31,408.14,10328860398,45842265023,53.61207760806747,16.75999999999999,0,0,0.042822832030251945,3.529579829161527,0.07047531544339503,0,0,1,1,1,1,395.56,396.49,385.04,8137303970
283,2020-08-23,395.56,396.49,385.04,391.38,8137303970,43954518396,50.082497778905946,-4.4599999999999795,0,0,-0.011267178658043608,-0.5104889510126327,-0.010090112958497266,0,1,1,1,0,0,389.03,396.47,382.81,10131847985
284,2020-08-22,389.03,396.47,382.81,395.84,10131847985,44448918222,50.59298672991858,6.7099999999999795,0,0,0.017243594685580677,-2.3442384777023264,-0.04428336522188636,0,0,0,0,1,0,416.15,418.64,387.44,11781796374
285,2020-08-21,416.15,418.64,387.44,389.13,11781796374,43690315907,52.937225207620905,-27.310000000000002,0,0,-0.06557967534338682,-4.133215872036779,-0.07242305813385475,0,1,0,0,0,1,406.76,418.73,404.03,10043032427
286,2020-08-20,406.76,418.73,404.03,416.44,10043032427,46751356941,57.070441079657684,9.980000000000018,0,0,0.02455346159523697,5.431262351956562,0.10517716365312824,0,0,0,1,1,0,423.74,427.02,396.68,13137391167
287,2020-08-19,423.74,427.02,396.68,406.46,13137391167,45625864918,51.63917872770112,-17.210000000000036,0,0,-0.04062123822786612,-10.17137702203675,-0.16455728149766535,0,0,0,0,0,1,429.67,432.58,419.67,11978984079
288,2020-08-18,429.67,432.58,419.67,423.67,11978984079,47551407033,61.81055574973787,-5.859999999999957,0,0,-0.01364281889507124,-3.5442783768515937,-0.054231311642325974,0,0,0,0,0,0,433.97,442.73,422.65,13227089410
289,2020-08-17,433.97,442.73,422.65,429.53,13227089410,48203426751,65.35483412658947,-4.260000000000048,0,0,-0.009820420018903264,-5.389217404894723,-0.07617908909975679,0,1,1,1,0,1,433.35,436.27,415.09,12168816875
290,2020-08-16,433.35,436.27,415.09,433.79,12168816875,48675162267,70.74405153148419,0.4399999999999977,1,0,0.0010153455636321418,6.261106214754335,0.09709708798195837,2,0,0,0,1,0,437.56,441.75,429.87,12416067894
291,2020-08-15,437.56,441.75,429.87,433.35,12416067894,48620820125,64.48294531672985,-4.0499999999999545,0,0,-0.00925925925925919,-8.271352854998838,-0.11368885499349057,0,1,0,1,0,0,428.68,444.58,423.35,15064589987
292,2020-08-14,428.68,444.58,423.35,437.4,15064589987,49068474083,72.75429817172869,8.659999999999968,0,0,0.020198721836077738,-0.3069863038506071,-0.004201764396206564,2,1,1,1,1,0,390.84,432.9,379.71,18480303526
293,2020-08-13,390.84,432.9,379.71,428.74,18480303526,48091569052,73.0612844755793,37.72000000000003,1,0,0.09646565393074535,3.1416958316320205,0.04493298505559773,2,1,1,1,1,1,380.06,391.31,367.92,12408772745
294,2020-08-12,380.06,391.31,367.92,391.02,12408772745,43855501072,69.91958864394728,10.639999999999986,0,0,0.027972027972027913,1.577619732030172,0.02308420077951645,0,0,0,0,1,0,395.89,398.48,370.86,12792218737
295,2020-08-11,395.89,398.48,370.86,380.38,12792218737,42656945169,68.3419689119171,-15.509999999999991,0,0,-0.03917754931925532,-4.468384375619721,-0.06137017846862425,0,1,0,0,0,1,391.04,399.38,391.04,11685827893
296,2020-08-10,391.04,399.38,391.04,395.89,11685827893,44390142137,72.81035328753683,4.769999999999982,0,0,0.01219574555123737,-1.1346331941841328,-0.015344288344208645,2,0,0,1,1,1,395.31,399.74,385.83,9451065592
297,2020-08-09,395.31,399.74,385.83,391.12,9451065592,43850292041,73.94498648172096,-2.8700000000000045,0,0,-0.007284448843879243,-2.0688983895547324,-0.027217374734343158,2,1,1,1,0,1,379.55,393.99,377.35,9342060531
298,2020-08-08,379.55,393.99,377.35,393.99,9342060531,44166324646,76.01388487127569,14.480000000000018,0,0,0.03815446233300834,-1.3563460113180668,-0.017530592785438004,2,0,0,1,1,0,395.23,398.25,367.94,12751687084
299,2020-08-07,395.23,398.25,367.94,379.51,12751687084,42538578850,77.37023088259376,-15.449999999999989,0,0,-0.039117885355479,-7.533129730326337,-0.08872593117568528,2,0,0,0,0,1,401.58,403.49,392.6,11304626458
300,2020-08-06,401.58,403.49,392.6,394.96,11304626458,44264836294,84.9033606129201,-6.6299999999999955,0,0,-0.016509375233447088,-4.218776791660076,-0.047337024386078785,2,1,0,1,0,0,389.71,406.3,386.22,12875466638
301,2020-08-05,389.71,406.3,386.22,401.59,12875466638,45002213069,89.12213740458017,11.70999999999998,0,0,0.030034882527957274,-0.32345675727586354,-0.003616240244215474,2,1,1,1,1,0,386.16,400.7,382.99,14086704221
302,2020-08-04,386.16,400.7,382.99,389.88,14086704221,43684129572,89.44559416185604,3.579999999999984,0,0,0.009267408749676465,-0.2955524158794134,-0.0032933880070654675,2,1,1,1,1,1,371.13,396.51,369.34,12834648062
303,2020-08-03,371.13,396.51,369.34,386.3,12834648062,43277729882,89.74114657773545,15.629999999999995,0,0,0.04216688698842641,2.1087584670418806,0.024063688237939918,2,0,0,1,1,0,385.55,411.23,357.14,18909744275
304,2020-08-02,385.55,411.23,357.14,370.67,18909744275,41522323563,87.63238811069357,-14.529999999999973,0,0,-0.03772066458982337,-7.986137178764096,-0.08352081518291943,2,1,1,1,0,1,345.8,388.85,343.59,14045259477
305,2020-08-01,345.8,388.85,343.59,385.2,14045259477,43144477508,95.61852528945766,39.64999999999998,0,0,0.11474461004196201,1.2728190925403737,0.013491012403720415,2,1,1,1,1,1,334.63,348.61,329.34,12030600492
306,2020-07-31,334.63,348.61,329.34,345.55,12030600492,38699278449,94.34570619691729,10.960000000000036,0,0,0.03275650796497209,1.2304759927658893,0.01321455136896632,2,1,1,1,1,1,318.14,338.63,315.75,11827689045
307,2020-07-30,318.14,338.63,315.75,334.59,11827689045,37466380887,93.1152302041514,16.399999999999977,0,0,0.051541531789182526,5.291617117380383,0.06025278317976035,2,1,1,1,1,1,316.56,324.38,313.11,10878845706
308,2020-07-29,316.56,324.38,313.11,318.19,10878845706,35626126751,87.82361308677102,1.5299999999999727,0,0,0.004831680666961269,1.6633633469166682,0.019305461067474772,2,0,0,1,1,0,321.83,325.91,307.72,12357108065
309,2020-07-28,321.83,325.91,307.72,316.66,12357108065,35450097600,86.16024973985435,-4.849999999999966,0,0,-0.01508506733849635,-4.201433516280474,-0.04649574205442031,2,1,0,0,0,0,309.66,330.7,309.66,15644257058
310,2020-07-27,309.66,330.7,309.66,321.51,15644257058,35989428749,90.36168325613482,11.870000000000005,0,0,0.038334840459888886,3.7232375815445664,0.042974427259797165,2,1,1,1,1,1,303.69,316.39,300.27,12003973026
311,2020-07-26,303.69,316.39,300.27,309.64,12003973026,34656472193,86.63844567459026,5.579999999999984,0,0,0.018351641123462326,0.435800527762197,0.005055535442327841,2,1,1,1,1,1,279.03,306.74,279.03,10785021813
312,2020-07-25,279.03,306.74,279.03,304.06,10785021813,34027002730,86.20264514682806,24.839999999999975,0,0,0.08896210873146604,7.188988090682358,0.09098412044862059,2,1,1,1,1,1,274.72,286.19,269.24,9466060358
313,2020-07-24,274.72,286.19,269.24,279.22,9466060358,31243266716,79.0136570561457,4.53000000000003,0,0,0.016491317485165302,4.04125522678126,0.053903238100588835,2,1,1,1,1,0,262.39,277.58,261.05,10281309262
314,2020-07-23,262.39,277.58,261.05,274.69,10281309262,30733019165,74.97240182936444,12.5,1,0,0.04767534993706857,10.749527929071164,0.16737849423804874,2,1,1,1,1,1,245.04,262.99,242.48,7702077383
315,2020-07-22,245.04,262.99,242.48,262.19,7702077383,29331058164,64.22287390029328,17.169999999999987,0,0,0.07007591217043507,7.61993926267656,0.13462092224477296,0,1,1,1,1,1,236.3,246.19,235.68,6806696015
316,2020-07-21,236.3,246.19,235.68,245.02,6806696015,27406496758,56.60293463761672,8.870000000000005,0,0,0.037560872326910966,13.556748856609964,0.3149349613826087,0,0,1,1,1,1,238.49,239.58,234.85,5600686192
317,2020-07-20,238.49,239.58,234.85,236.15,5600686192,26411853756,43.046185781006756,-2.3400000000000034,0,0,-0.009811732148098495,-17.772995038174088,-0.2922268073786507,0,1,1,1,0,0,235.46,239.16,233.28,6251377305
318,2020-07-19,235.46,239.16,233.28,238.49,6251377305,26669691075,60.81918081918084,3.0100000000000193,0,0,0.012782401902497131,4.204113739717464,0.07425786025858949,0,1,1,1,1,1,232.86,236.54,232.32,5397402117
319,2020-07-18,232.86,236.54,232.32,235.48,5397402117,26330601164,56.61506707946338,2.7099999999999795,0,0,0.011642393779266902,-0.8515456279425706,-0.014818093286240064,0,0,1,1,1,0,233.69,234.42,232.11,5859850529
320,2020-07-17,233.69,234.42,232.11,232.77,5859850529,26024301468,57.46661270740595,-0.8699999999999761,0,0,-0.0037236774524909144,3.4228448672537084,0.06333468231485284,0,0,0,1,0,1,238.45,239.01,231.62,5832057567
321,2020-07-16,238.45,239.01,231.62,233.64,5832057567,26118155895,54.04376784015224,-4.780000000000001,0,0,-0.020048653636439928,-3.3415625296194094,-0.05823025689819172,0,0,0,0,0,0,240.14,241.4,237.1,6189328448
322,2020-07-15,240.14,241.4,237.1,238.42,6189328448,26649577378,57.38533036977165,-1.7900000000000205,0,0,-0.007451812996961071,-5.852764868323597,-0.09255125168282796,0,1,0,0,0,0,239.98,242.0,237.8,7357458555
323,2020-07-14,239.98,242.0,237.8,240.21,7357458555,26846147251,63.23809523809525,0.6100000000000136,0,0,0.0025459098497495614,2.62808965877592,0.043360656935373276,0,0,0,0,1,0,242.18,244.31,238.23,7787751468
324,2020-07-13,242.18,244.31,238.23,239.6,7787751468,26775071858,60.61000557931933,-2.530000000000001,0,0,-0.010448932391690424,-4.904047675118555,-0.07485489649178989,0,1,1,1,0,1,239.46,243.31,237.77,6596394718
325,2020-07-12,239.46,243.31,237.77,242.13,6596394718,27054158346,65.51405325443788,2.6699999999999875,0,0,0.011150087697318956,0.1794807637315472,0.00274710244345866,0,0,1,0,1,1,241.04,241.53,238.33,5643067316
326,2020-07-11,241.04,241.53,238.33,239.46,5643067316,26752161985,65.33457249070634,-1.5199999999999818,0,0,-0.006307577392314689,5.74820191942306,0.09646840148698899,0,0,0,1,0,0,242.87,242.88,236.73,7281370522
327,2020-07-10,242.87,242.88,236.73,240.98,7281370522,26919422187,59.586370571283275,-2.0400000000000205,0,0,-0.008394370833676335,1.2170580505260347,0.020850991693507126,0,0,0,0,0,0,246.75,247.29,239.9,8429099199
328,2020-07-09,246.75,247.29,239.9,243.02,8429099199,27143016879,58.36931252075724,-3.6499999999999773,0,0,-0.014797097336522347,-0.805771654326918,-0.01361673862504098,0,1,0,1,0,0,239.16,248.31,238.4,9892586411
329,2020-07-08,239.16,248.31,238.4,246.67,9892586411,27547785703,59.17508417508416,7.589999999999975,0,0,0.03174669566672228,13.379138678241333,0.292146794505284,0,0,1,1,1,1,240.97,242.68,234.22,6441497597
330,2020-07-07,240.97,242.68,234.22,239.08,6441497597,26696376073,45.795945496842826,-2.4299999999999784,0,0,-0.010061695167901896,-3.344890082671995,-0.0680674238283886,0,1,1,1,0,0,227.69,242.13,227.03,8782917553
331,2020-07-06,227.69,242.13,227.03,241.51,8782917553,26964937043,49.14083557951482,13.849999999999994,0,0,0.060836334885355337,0.2669998470846835,0.005463042609268998,0,0,1,1,1,1,228.98,229.86,224.54,5292172429
332,2020-07-05,228.98,229.86,224.54,227.66,5292172429,25415950649,48.87383573243014,-1.4099999999999966,0,0,-0.006155323700179016,-0.9535123338681899,-0.019136325148179312,0,1,0,0,0,1,225.29,230.05,225.13,5228310135
333,2020-07-04,225.29,230.05,225.13,229.07,5228310135,25570190315,49.82734806629833,3.680000000000007,0,0,0.016327254980256445,1.3795921677707454,0.028475873488552628,0,0,1,1,1,1,229.32,229.63,224.91,5109032700
334,2020-07-03,229.32,229.63,224.91,225.39,5109032700,25155571600,48.44775589852758,-4.0,0,0,-0.017437551767731763,0.811265404894236,0.01703033528472586,0,0,0,0,0,0,231.29,232.4,225.46,6212210566
335,2020-07-02,231.29,232.4,225.46,229.39,6212210566,25599453477,47.636490493633346,-1.7200000000000273,0,0,-0.007442343472805257,-0.6655965244069861,-0.013779870922728255,0,1,0,1,0,0,226.13,232.76,224.84,6463737443
336,2020-07-01,226.13,232.76,224.84,231.11,6463737443,25788404350,48.30208701804033,4.800000000000011,0,0,0.021209844903009145,5.934309867654477,0.1400665851925733,0,0,1,1,1,1,227.97,229.48,224.82,6094093001
337,2020-06-30,227.97,229.48,224.82,226.31,6094093001,25249913730,42.367777150385855,-1.8799999999999955,0,0,-0.008238748411411478,-6.071404765652886,-0.12534077838425628,0,1,0,1,0,0,225.36,229.9,222.25,6726164653
338,2020-06-29,225.36,229.9,222.25,228.19,6726164653,25456513994,48.43918191603874,2.8400000000000034,0,0,0.012602618149545108,6.112622700902115,0.1444157714269425,0,1,1,1,1,1,222.91,228.6,219.47,6205925718
339,2020-06-28,222.91,228.6,219.47,225.35,6205925718,25135786986,42.326559215136626,2.3899999999999864,0,0,0.010719411553641756,5.732173604109562,0.15664079361896088,0,0,0,0,1,0,229.63,232.49,220.56,6918380955
340,2020-06-27,229.63,232.49,220.56,222.96,6918380955,24866429445,36.594385611027064,-6.7099999999999795,0,0,-0.029215831410284276,-6.191592248751505,-0.14471078045809904,0,0,0,0,0,0,232.88,233.9,229.26,7187490226
341,2020-06-26,232.88,233.9,229.26,229.67,7187490226,25611500297,42.78597785977857,-3.2700000000000102,0,0,-0.014037949686614648,-8.307110997767282,-0.16258776252358875,0,0,0,0,0,1,235.7,236.05,230.3,7010426123
342,2020-06-25,235.7,236.05,230.3,232.94,7010426123,25973707946,51.09308885754585,-2.8300000000000125,0,0,-0.01200322348051075,9.473097474521289,0.2276093088857547,0,0,0,0,0,0,244.19,248.51,232.81,8815030025
343,2020-06-24,244.19,248.51,232.81,235.77,8815030025,26285822239,41.61999138302456,-8.369999999999976,0,0,-0.034283607766035784,-7.776465741916638,-0.15742962541315852,0,1,1,0,0,1,242.54,244.86,239.76,6624530348
344,2020-06-23,242.54,244.86,239.76,244.14,6624530348,27215606543,49.3964571249412,1.6099999999999852,0,0,0.006638354018059456,2.3690900283699534,0.050376837459451984,0,1,1,1,1,0,229.0,243.78,228.93,9079586552
345,2020-06-22,229.0,243.78,228.93,242.53,9079586552,27032930743,47.02736709657125,13.539999999999992,0,0,0.05912921961657713,12.83432293869705,0.37534894171572253,0,0,1,1,1,1,229.22,232.36,228.49,5600408178
346,2020-06-21,229.22,232.36,228.49,228.99,5600408178,25520273837,34.1930441578742,-0.28000000000000114,0,0,-0.0012212675011994412,-4.115045978808482,-0.10741976340052617,0,1,1,1,0,0,226.98,231.45,226.64,6252830566
347,2020-06-20,226.98,231.45,226.64,229.27,6252830566,25548837121,38.30809013668268,2.130000000000024,0,0,0.009377476446244648,1.6616561457874042,0.04534291511693178,0,0,0,0,0,0,0.0,0.0,0.0,0
